Ref,Val,Package,PosX,PosY,Rot,Side
"C1","20u","C_1812_4532Metric_Pad1.57x3.40mm_HandSolder",164.000000,-100.000000,-90.000000,top
"C2","100n","C_0805_2012Metric_Pad1.18x1.45mm_HandSolder",147.962500,-93.000000,180.000000,top
"C3","10u","C_1206_3216Metric_Pad1.33x1.80mm_HandSolder",157.500000,-100.562500,-90.000000,top
"C4","10u","C_1206_3216Metric_Pad1.33x1.80mm_HandSolder",160.500000,-100.500000,-90.000000,top
"C5","10u","C_1206_3216Metric_Pad1.33x1.80mm_HandSolder",134.250000,-83.750000,180.000000,top
"C6","10u","C_1206_3216Metric_Pad1.33x1.80mm_HandSolder",155.500000,-89.000000,0.000000,top
"C7","100n","C_0805_2012Metric_Pad1.18x1.45mm_HandSolder",155.000000,-91.500000,0.000000,top
"C8","10u","C_1206_3216Metric_Pad1.33x1.80mm_HandSolder",154.750000,-62.250000,-90.000000,top
"C9","0.1n","C_0805_2012Metric_Pad1.18x1.45mm_HandSolder",155.037500,-94.000000,0.000000,top
"C10","10u","C_1206_3216Metric_Pad1.33x1.80mm_HandSolder",192.750000,-84.500000,90.000000,top
"C11","100u","CP_Radial_D6.3mm_P2.50mm",114.500000,-59.750000,90.000000,top
"C12","100n","C_0805_2012Metric_Pad1.18x1.45mm_HandSolder",133.537500,-101.000000,180.000000,top
"C13","100n","C_0805_2012Metric_Pad1.18x1.45mm_HandSolder",134.712500,-86.000000,180.000000,top
"C14","0.1n","C_0805_2012Metric_Pad1.18x1.45mm_HandSolder",134.787500,-88.250000,180.000000,top
"C15","100n","C_0805_2012Metric_Pad1.18x1.45mm_HandSolder",161.002500,-122.330000,180.000000,top
"C16","100u","CP_Radial_D6.3mm_P2.50mm",114.000000,-128.000000,-90.000000,top
"C17","10u","C_1206_3216Metric_Pad1.33x1.80mm_HandSolder",123.500000,-125.000000,0.000000,top
"C18","100n","C_0805_2012Metric_Pad1.18x1.45mm_HandSolder",123.000000,-127.250000,0.000000,top
"C19","0.1n","C_0805_2012Metric_Pad1.18x1.45mm_HandSolder",123.000000,-129.500000,0.000000,top
"C20","10u","C_1206_3216Metric_Pad1.33x1.80mm_HandSolder",157.687500,-129.000000,0.000000,top
"C21","100n","C_0805_2012Metric_Pad1.18x1.45mm_HandSolder",157.250000,-126.750000,0.000000,top
"C22","0.1n","C_0805_2012Metric_Pad1.18x1.45mm_HandSolder",157.250000,-124.500000,0.000000,top
"C23","10u","C_1206_3216Metric_Pad1.33x1.80mm_HandSolder",174.000000,-69.750000,180.000000,top
"C24","100n","C_0805_2012Metric_Pad1.18x1.45mm_HandSolder",141.250000,-90.000000,0.000000,top
"C25","100n","C_0805_2012Metric_Pad1.18x1.45mm_HandSolder",157.002500,-115.830000,180.000000,top
"C26","4.7u","C_0805_2012Metric_Pad1.18x1.45mm_HandSolder",117.000000,-104.000000,0.000000,top
"C27","0.1u","C_0805_2012Metric_Pad1.18x1.45mm_HandSolder",116.962500,-106.250000,0.000000,top
"C28","100u","CP_Radial_D6.3mm_P2.50mm",166.750000,-63.500000,90.000000,top
"C29","100u","CP_Radial_D6.3mm_P2.50mm",176.500000,-85.250000,-90.000000,top
"C30","100u","CP_Radial_D6.3mm_P2.50mm",185.000000,-85.250000,-90.000000,top
"C31","100n","C_0805_2012Metric_Pad1.18x1.45mm_HandSolder",149.595000,-114.867500,180.000000,top
"C33","10u","C_1206_3216Metric_Pad1.33x1.80mm_HandSolder",175.500000,-74.812500,-90.000000,top
"C34","100n","C_0805_2012Metric_Pad1.18x1.45mm_HandSolder",177.750000,-74.312500,-90.000000,top
"C35","10u","C_1206_3216Metric_Pad1.33x1.80mm_HandSolder",190.750000,-67.500000,90.000000,top
"C36","10u","C_1206_3216Metric_Pad1.33x1.80mm_HandSolder",191.437500,-62.000000,0.000000,top
"C37","10u","C_1206_3216Metric_Pad1.33x1.80mm_HandSolder",182.937500,-57.750000,0.000000,top
"D1","D_proc_VDD","D_SMA_Handsoldering",114.000000,-82.500000,0.000000,top
"D2","D_proc_5V","D_SMA_Handsoldering",107.000000,-107.500000,180.000000,top
"H1","MountingHole","MountingHole_3.2mm_M3",194.750000,-55.000000,0.000000,top
"H2","MountingHole","MountingHole_3.2mm_M3",194.750000,-146.000000,0.000000,top
"H3","MountingHole","MountingHole_3.2mm_M3",105.250000,-55.000000,0.000000,top
"H4","MountingHole","MountingHole_3.2mm_M3",105.250000,-146.000000,0.000000,top
"J1","VIN","CalTest_CT3151SP",104.500000,-62.750000,-90.000000,top
"J2","GND","CalTest_CT3151SP",137.250000,-55.000000,180.000000,top
"J3","IBIAS","CalTest_CT3151SP",193.540000,-114.960000,90.000000,top
"J4","VOUT","CalTest_CT3151SP",193.460000,-98.960000,90.000000,top
"J5","VIN_SMA","SMA_Samtec_SMA-J-P-H-ST-EM1_EdgeMount_G",157.500000,-52.600000,90.000000,top
"J6","VOUT_SMA","SMA_Samtec_SMA-J-P-H-ST-EM1_EdgeMount_G",197.900000,-80.500000,0.000000,top
"J7","GND","CalTest_CT3151SP",104.500000,-129.250000,-90.000000,top
"J8","5V","CalTest_CT3151SP",104.500000,-115.250000,-90.000000,top
"J9","MD_MCU_EN","CONN_PxC02S_SUL",123.030100,-87.834900,-90.000000,top
"J10","MD_SW_EN","CONN_PxC02S_SUL",138.500000,-65.040000,90.000000,top
"J11","MD_MCU_PU_EN","CONN_PxC02S_SUL",114.500000,-71.000000,90.000000,top
"J12","BUF_EN","CONN_PxC02S_SUL",126.250000,-117.750000,90.000000,top
"J13","VSIG","SMA_Samtec_SMA-J-P-H-ST-EM1_EdgeMount_G",102.100000,-81.000000,180.000000,top
"J14","VSIG_BUF","SMA_Samtec_SMA-J-P-H-ST-EM1_EdgeMount_G",102.100000,-96.000000,180.000000,top
"J15","NR","CalTest_CT3151SP",193.000000,-131.500000,90.000000,top
"J16","NOISE_X100","SMA_Samtec_SMA-J-P-H-ST-EM1_EdgeMount_G",197.900000,-65.325000,0.000000,top
"J17","NOISE_X1000","SMA_Samtec_SMA-J-P-H-ST-EM1_EdgeMount_G",184.000000,-52.600000,90.000000,top
"J18","VIN_PROBE","CONN_PxC02S_SUL",158.210000,-77.000000,0.000000,top
"J19","VREF_PROBE","CONN_PxC02S_SUL",149.084900,-76.969900,0.000000,top
"J20","VOUT_PROBE","CONN_PxC02S_SUL",161.500000,-93.040000,90.000000,top
"J21","VG0_PROBE","CONN_PxC02S_SUL",164.500000,-126.000000,-90.000000,top
"J22","VG1_PROBE","CONN_PxC02S_SUL",167.780100,-126.084900,-90.000000,top
"J23","VG2_PROBE","CONN_PxC02S_SUL",171.030100,-126.084900,-90.000000,top
"J24","VG3_PROBE","CONN_PxC02S_SUL",183.530100,-124.084900,-90.000000,top
"J25","VG4_PROBE","CONN_PxC02S_SUL",187.030100,-124.084900,-90.000000,top
"Q1","FDV305N","SOT95P240X111-3N",169.550000,-111.000000,90.000000,top
"Q2","FDV305N","SOT95P240X111-3N",173.550000,-111.000000,90.000000,top
"Q3","FDV305N","SOT95P240X111-3N",177.550000,-111.000000,90.000000,top
"Q4","FDV305N","SOT95P240X111-3N",181.550000,-111.000000,90.000000,top
"Q5","FDV305N","SOT95P240X111-3N",185.550000,-111.000000,90.000000,top
"Q6","FDV305N","SOT95P240X111-3N",129.750000,-72.500000,0.000000,top
"R1","390m","R_0805_2012Metric_Pad1.20x1.40mm_HandSolder",158.500000,-104.250000,0.000000,top
"R2","10k","R_0805_2012Metric_Pad1.20x1.40mm_HandSolder",131.500000,-63.250000,-90.000000,top
"R3","100m","R_0805_2012Metric_Pad1.20x1.40mm_HandSolder",157.250000,-108.250000,180.000000,top
"R4","100m","R_0805_2012Metric_Pad1.20x1.40mm_HandSolder",141.250000,-79.750000,0.000000,top
"R5","53.6","R_0805_2012Metric_Pad1.20x1.40mm_HandSolder",169.500000,-105.500000,-90.000000,top
"R6","1k","R_0805_2012Metric_Pad1.20x1.40mm_HandSolder",173.500000,-105.500000,-90.000000,top
"R7","10k","R_0805_2012Metric_Pad1.20x1.40mm_HandSolder",168.500000,-116.000000,-90.000000,top
"R8","10k","R_0805_2012Metric_Pad1.20x1.40mm_HandSolder",172.500000,-116.000000,-90.000000,top
"R9","10k","R_0805_2012Metric_Pad1.20x1.40mm_HandSolder",176.500000,-116.000000,-90.000000,top
"R10","66.5","R_0805_2012Metric_Pad1.20x1.40mm_HandSolder",177.500000,-105.500000,-90.000000,top
"R11","10k","R_0805_2012Metric_Pad1.20x1.40mm_HandSolder",180.500000,-116.000000,-90.000000,top
"R12","100","R_0805_2012Metric_Pad1.20x1.40mm_HandSolder",181.500000,-105.500000,-90.000000,top
"R13","200","R_0805_2012Metric_Pad1.20x1.40mm_HandSolder",185.500000,-105.500000,-90.000000,top
"R14","10k","R_0805_2012Metric_Pad1.20x1.40mm_HandSolder",184.500000,-116.000000,-90.000000,top
"R15","100k","R_0603_1608Metric_Pad0.98x0.95mm_HandSolder",183.000000,-65.000000,0.000000,top
"R16","9k","R_0805_2012Metric_Pad1.20x1.40mm_HandSolder",177.250000,-63.750000,0.000000,top
"R17","10k","R_0603_1608Metric_Pad0.98x0.95mm_HandSolder",125.500000,-76.000000,0.000000,top
"R18","10k","R_0603_1608Metric_Pad0.98x0.95mm_HandSolder",122.000000,-71.500000,0.000000,top
"R19","0","R_0805_2012Metric_Pad1.20x1.40mm_HandSolder",157.250000,-110.250000,180.000000,top
"R20","0","R_0805_2012Metric_Pad1.20x1.40mm_HandSolder",141.250000,-77.500000,0.000000,top
"R21","0","R_0805_2012Metric_Pad1.20x1.40mm_HandSolder",165.500000,-106.000000,0.000000,top
"R22","0","R_0603_1608Metric_Pad0.98x0.95mm_HandSolder",166.500000,-120.500000,90.000000,top
"R23","0","R_0603_1608Metric_Pad0.98x0.95mm_HandSolder",170.500000,-120.500000,90.000000,top
"R24","0","R_0603_1608Metric_Pad0.98x0.95mm_HandSolder",174.500000,-120.500000,90.000000,top
"R25","0","R_0603_1608Metric_Pad0.98x0.95mm_HandSolder",178.500000,-120.500000,90.000000,top
"R26","0","R_0603_1608Metric_Pad0.98x0.95mm_HandSolder",182.500000,-120.500000,90.000000,top
"R27","1k","R_0603_1608Metric_Pad0.98x0.95mm_HandSolder",133.750000,-97.250000,-90.000000,top
"R28","1k","R_0603_1608Metric_Pad0.98x0.95mm_HandSolder",161.040000,-119.830000,0.000000,top
"R29","100","R_0603_1608Metric_Pad0.98x0.95mm_HandSolder",158.000000,-113.087500,-90.000000,top
"R30","100","R_0603_1608Metric_Pad0.98x0.95mm_HandSolder",156.500000,-113.087500,-90.000000,top
"R31","100","R_0603_1608Metric_Pad0.98x0.95mm_HandSolder",140.250000,-86.000000,-90.000000,top
"R32","100","R_0603_1608Metric_Pad0.98x0.95mm_HandSolder",142.250000,-86.000000,-90.000000,top
"R33","1k","R_0603_1608Metric_Pad0.98x0.95mm_HandSolder",172.912500,-63.750000,180.000000,top
"R34","2.2","R_0603_1608Metric_Pad0.98x0.95mm_HandSolder",132.500000,-111.250000,0.000000,top
"R35","9k","R_0805_2012Metric_Pad1.20x1.40mm_HandSolder",176.500000,-80.750000,180.000000,top
"R36","1k","R_0603_1608Metric_Pad0.98x0.95mm_HandSolder",180.500000,-80.750000,0.000000,top
"R37","1k","R_0603_1608Metric_Pad0.98x0.95mm_HandSolder",189.500000,-79.912500,-90.000000,top
"R38","9k","R_0805_2012Metric_Pad1.20x1.40mm_HandSolder",189.500000,-76.000000,-90.000000,top
"R39","0","R_0805_2012Metric_Pad1.20x1.40mm_HandSolder",146.500000,-86.000000,0.000000,top
"R40","0","R_0603_1608Metric_Pad0.98x0.95mm_HandSolder",136.162500,-111.250000,0.000000,top
"R41","10","R_0603_1608Metric_Pad0.98x0.95mm_HandSolder",172.587500,-72.000000,0.000000,top
"R42","100k","R_0603_1608Metric_Pad0.98x0.95mm_HandSolder",188.250000,-68.000000,-90.000000,top
"R43","100k","R_0603_1608Metric_Pad0.98x0.95mm_HandSolder",188.750000,-71.500000,90.000000,top
"R44","0","R_0805_2012Metric_Pad1.20x1.40mm_HandSolder",169.000000,-69.750000,0.000000,top
"R45","10k","R_0805_2012Metric_Pad1.20x1.40mm_HandSolder",137.250000,-126.750000,90.000000,top
"R46","10k","R_0805_2012Metric_Pad1.20x1.40mm_HandSolder",139.750000,-126.750000,90.000000,top
"R47","10k","R_0805_2012Metric_Pad1.20x1.40mm_HandSolder",142.250000,-126.750000,90.000000,top
"R48","10k","R_0805_2012Metric_Pad1.20x1.40mm_HandSolder",144.750000,-126.750000,90.000000,top
"R49","0","R_0603_1608Metric_Pad0.98x0.95mm_HandSolder",187.750000,-63.087500,90.000000,top
"R50","0","R_0603_1608Metric_Pad0.98x0.95mm_HandSolder",181.500000,-61.087500,90.000000,top
"R51","0","R_0603_1608Metric_Pad0.98x0.95mm_HandSolder",129.490000,-126.912500,90.000000,top
"R52","0","R_0603_1608Metric_Pad0.98x0.95mm_HandSolder",132.000000,-126.912500,90.000000,top
"R53","0","R_0603_1608Metric_Pad0.98x0.95mm_HandSolder",134.510000,-126.912500,90.000000,top
"R54","0","R_0805_2012Metric_Pad1.20x1.40mm_HandSolder",143.750000,-105.500000,180.000000,top
"SW1","MD_SW","SW_SPDT_CK_JS102011SAQN",122.600000,-51.750000,180.000000,top
"TP1","MD","TestPoint_Keystone_5005-5009_Compact",137.000000,-71.500000,0.000000,top
"TP2","IBIAS","TestPoint_Keystone_5005-5009_Compact",143.000000,-101.250000,0.000000,top
"TP3","VIN","TestPoint_Keystone_5005-5009_Compact",126.750000,-81.500000,0.000000,top
"TP4","VDD_LDO","TestPoint_Keystone_5005-5009_Compact",157.000000,-85.250000,0.000000,top
"TP5","GND","TestPoint_Keystone_5005-5009_Compact",110.500000,-89.000000,0.000000,top
"TP6","VOUT_LDO","TestPoint_Keystone_5005-5009_Compact",169.500000,-97.750000,0.000000,top
"TP7","VOUT","TestPoint_Keystone_5005-5009_Compact",162.000000,-109.000000,0.000000,top
"TP8","GND","TestPoint_Keystone_5005-5009_Compact",152.250000,-85.250000,0.000000,top
"TP14","MD_SEL","TestPoint_Keystone_5005-5009_Compact",120.500000,-77.000000,0.000000,top
"TP20","GND","TestPoint_Keystone_5005-5009_Compact",115.000000,-117.500000,0.000000,top
"TP21","GND","TestPoint_Keystone_5005-5009_Compact",169.500000,-93.250000,0.000000,top
"TP22","GND","TestPoint_Keystone_5005-5009_Compact",129.250000,-77.250000,0.000000,top
"TP23","GND","TestPoint_Keystone_5005-5009_Compact",141.250000,-71.500000,0.000000,top
"TP24","GND","TestPoint_Keystone_5005-5009_Compact",150.500000,-122.000000,0.000000,top
"TP25","GND","TestPoint_Keystone_5005-5009_Compact",131.500000,-106.500000,0.000000,top
"TP26","5V","TestPoint_Keystone_5005-5009_Compact",115.000000,-122.000000,0.000000,top
"TP27","3V3","TestPoint_Keystone_5005-5009_Compact",150.500000,-126.250000,0.000000,top
"TP28","SENSE_IN","TestPoint_Keystone_5005-5009_Compact",135.750000,-106.500000,0.000000,top
"TP29","SENSE_OUT","TestPoint_Keystone_5005-5009_Compact",162.500000,-116.000000,0.000000,top
"TP30","NR","TestPoint_Keystone_5005-5009_Compact",149.000000,-89.000000,0.000000,top
"TP31","GND","TestPoint_Keystone_5005-5009_Compact",143.000000,-97.000000,0.000000,top
"TP32","GND","TestPoint_Keystone_5005-5009_Compact",165.250000,-111.750000,0.000000,top
"TP33","GND","TestPoint_Keystone_5005-5009_Compact",116.250000,-77.000000,0.000000,top
"TP35","SP1","TestPoint_Keystone_5005-5009_Compact",165.750000,-55.500000,0.000000,top
"TP36","SP2","TestPoint_Keystone_5005-5009_Compact",171.250000,-55.500000,0.000000,top
"TP37","SP3","TestPoint_Keystone_5005-5009_Compact",176.500000,-55.500000,0.000000,top
"U1","LDO_DualMode_BGR_EE372","QFN-32-1EP_7x7mm_P0.65mm_EP5.1x5.1mm_QuikPak",150.000000,-99.225000,0.000000,top
"U2","Teensy4.1","Teensy41_Sockets",151.000000,-140.120000,0.000000,top
"U3","INA190A5IDDFR","TSOT-23-8_HandSoldering",134.750000,-92.500000,-90.000000,top
"U4","INA190A5IDDFR","TSOT-23-8_HandSoldering",156.750000,-120.500000,90.000000,top
"U5","OPA4388IDR","SOIC-14_3.9x8.7mm_P1.27mm",182.750000,-71.000000,0.000000,top
"U6","BUF602ID","SOIC-8_3.9x4.9mm_P1.27mm",120.750000,-111.000000,0.000000,top
"U7","ADT7310TRZ","SOIC-8_3.9x4.9mm_P1.27mm",148.462500,-108.892500,-90.000000,top
